{
    "tile_size": 1,
    "data": [
	[
	    8736.029188560253,
	    8277.54195350064,
	    8288.073236073444,
	    8354.428765774876,
	    8233.617422688914,
	    8341.853906858332
	],
	[
	    9553.158699732649,
	    9645.384719459518,
	    9644.503586659415,
	    9635.206632288693,
	    9634.351463283612,
	    9591.533599750077
	],
	[
	    8985.01038269498,
	    8907.364968093842,
	    8875.277318485645,
	    8813.758705703314,
	    8875.944859007752,
	    10420.668303239345
	],
	[
	    9946.995959226995,
	    9984.290895411179,
	    10008.451490424977,
	    9863.235398088562,
	    9711.808806738256,
	    9746.292838593972
	],
	[
	    9900.46081185751,
	    10185.098088537068,
	    10220.373488348674,
	    10195.628782278924,
	    10164.364182436952,
	    10189.027089822934
	],
	[
	    9600.866054084234,
	    9509.64741379052,
	    8637.377202401998,
	    8495.515226430476,
	    8563.60405143258,
	    8390.694091386384
	],
	[
	    9621.08702900421,
	    9569.76995025156,
	    9572.172608957322,
	    9582.989285433914,
	    9676.396104419537,
	    9737.34225532756
	],
	[
	    8497.419498026122,
	    8588.747975058284,
	    9062.352910607673,
	    9805.480914617086,
	    9800.059203082054,
	    9805.06803204598
	],
	[
	    10167.264564815907,
	    10306.809555347163,
	    9366.738838835632,
	    10259.108726843813,
	    10372.999379847646,
	    10371.600251174494
	],
	[
	    10043.699565852265,
	    9332.747829929602,
	    8900.531092974532,
	    8894.130317823738,
	    10273.669598681578,
	    10221.16688559909
	],
	[
	    9340.209156570078,
	    9531.270860887425,
	    9412.556354690894,
	    9419.98505607606,
	    9512.930329410694,
	    8653.377143284168
	],
	[
	    10148.01217616047,
	    10229.058034819363,
	    10237.192892308096,
	    9388.820109393719,
	    9398.483460202664,
	    10291.947086136797
	],
	[
	    10212.505203160077,
	    10324.046073005533,
	    10437.403830480847,
	    10457.651050473596,
	    10339.149628209487,
	    9993.732465971629
	],
	[
	    8482.735130872523,
	    8495.860426200887,
	    9398.900121436573,
	    9675.995718467075,
	    9672.2630224034,
	    9833.489860681471
	],
	[
	    8737.032405406933,
	    8829.672728496851,
	    8801.93033729737,
	    8756.920169876388,
	    8908.479681668516,
	    8893.251023560813
	],
	[
	    10350.275789758549,
	    9415.487464377902,
	    10315.928772236744,
	    9416.61413362193,
	    9427.975342686184,
	    10310.858486322833
	]
    ]
}
