{
    "tile_size": 1,
    "data": [
        [
            1045.8325241715804
        ],
        [
            1114.7074304752634
        ],
        [
            1168.8119389849278
        ],
        [
            1096.586020211157
        ],
        [
            1123.3319057851286
        ],
        [
            1169.3935964035284
        ],
        [
            1105.9463197517587
        ],
        [
            1198.9208097482588
        ],
        [
            1097.971865480465
        ],
        [
            1130.5395341170724
        ],
        [
            1059.7112005476013
        ],
        [
            1116.4867291628707
        ],
        [
            1123.0681504951995
        ],
        [
            1037.6018839768042
        ],
        [
            1078.1068419586388
        ],
        [
            1188.1544688546935
        ]
    ]
}