{
    "tile_size": 1,
    "data": [
	[
	    30681.347166618412,
	    35003.41753009102,
	    32000.8367888327,
	    34517.44826713957,
	    34514.77496945853,
	    32208.32779420089
	],
	[
	    28759.95277783885,
	    35128.83249803226,
	    31943.7314342186,
	    33592.965808343564,
	    33362.92194951596,
	    34185.770498728234
	],
	[
	    29280.723950073203,
	    33616.624606171754,
	    33860.324735298454,
	    33800.05008447599,
	    30821.758027537493,
	    31373.910231319096
	],
	[
	    29880.14811613042,
	    31467.84696314849,
	    34218.98016138611,
	    33938.18651454141,
	    33833.69883916722,
	    31707.430631507323
	],
	[
	    29838.800604912052,
	    34122.8451070531,
	    34332.89508992506,
	    34136.8307890314,
	    34380.859227518355,
	    31916.858123430582
	],
	[
	    29103.69296322241,
	    30497.208387919414,
	    30622.51752345118,
	    32799.91055154427,
	    30740.760610048463,
	    32701.91294779851
	],
	[
	    29625.82234652598,
	    33245.03511968121,
	    30971.40035758787,
	    34091.34658362446,
	    33882.413896711376,
	    31714.62491149919
	],
	[
	    31633.225669166808,
	    34581.91012935122,
	    34905.74735561052,
	    34852.3143985717,
	    34569.528696415466,
	    34741.473827686
	],
	[
	    30360.846802366043,
	    33849.71467268075,
	    34189.02050516057,
	    33707.16877618748,
	    31475.330104916375,
	    33307.791387060635
	],
	[
	    29709.08528246694,
	    34036.275671566655,
	    32429.333946807852,
	    32049.16614445672,
	    34761.14833702947,
	    34190.60242105483
	],
	[
	    27525.97189850909,
	    28698.63239638393,
	    30317.047387633615,
	    30657.14089669411,
	    30334.378194255172,
	    28792.698875072492
	],
	[
	    29262.980558108124,
	    33929.246667497435,
	    32423.638620667687,
	    32174.788793470892,
	    32651.93778319695,
	    34489.291789772054
	],
	[
	    29356.391683778984,
	    31662.039835885873,
	    33024.65498970201,
	    34318.87358123132,
	    32717.710264201567,
	    33407.71943440193
	],
	[
	    30668.797655100836,
	    34786.392458278584,
	    34678.36080926695,
	    34235.39720758135,
	    33370.43014845635,
	    33962.450711595935
	],
	[
	    33706.99032979655,
	    35121.73715307912,
	    35797.54201728221,
	    35436.80701636373,
	    35440.30838910751,
	    33432.734805652784
	],
	[
	    29911.718025467053,
	    31569.002630914176,
	    31588.58207022108,
	    30541.75553531124,
	    32904.4457032712,
	    32313.978808657364
	]
    ]
}
