{
    "tile_size": 1,
    "data": [
        [
	    74608.92047233581,
	    99702.5614027322,
	    94569.2777335244,
	    93040.59852780018,
	    94464.79513872058,
	    102953.07819169991
	],
	[
	    74194.88644539464,
	    100795.03966777894,
	    98890.80446833045,
	    91947.016168528,
	    94353.34987354362,
	    91795.70088681059
	],
	[
	    74483.16396773793,
	    104592.4084354826,
	    95752.5646237232,
	    98092.09853180987,
	    97414.31215694762,
	    100780.2223764101
	],
	[
	    72069.22682256416,
	    104540.38358548468,
	    98513.15176594886,
	    93298.18921241259,
	    98661.45416748303,
	    98252.00389229092
	],
	[
	    72079.30046886804,
	    96367.01922589929,
	    99937.43465495082,
	    97029.17133893119,
	    98241.22954893626,
	    100323.85419976838
	],
	[
	    76731.63794927731,
	    99892.13721352046,
	    95782.35984775366,
	    95969.62424780086,
	    94655.70440528852,
	    96807.32904626401
	],
	[
	    74111.386267495,
	    99605.03955695986,
	    100483.20791259443,
	    93608.25189633733,
	    95380.62348871258,
	    103831.60877042002
	],
	[
	    73268.56168785697,
	    95858.73765270833,
	    98222.99625046889,
	    97521.25148233766,
	    96038.35518435806,
	    104530.64432838322
	],
	[
	    76439.22619033324,
	    105986.22210113035,
	    97834.69521001242,
	    92091.44038977113,
	    97227.22243879859,
	    98999.6688309268
	],
	[
	    71944.72731235978,
	    106181.99796267804,
	    94176.0890815902,
	    98288.371233569,
	    103006.47725406195,
	    102563.66776175711
	],
	[
	    71626.67665462395,
	    97403.79794270122,
	    100205.56116506939,
	    94587.93022518004,
	    93365.83912135877,
	    100822.87246263445
	],
	[
	    73844.93382339114,
	    99331.80281479748,
	    95207.48795435106,
	    97495.77054793689,
	    99889.56892792431,
	    100279.96331639287
	],
	[
	    72827.04825942109,
	    102019.95833080844,
	    98634.71342488693,
	    95537.54382040446,
	    102168.46085578341,
	    102376.52885881648
	],
	[
	    70073.89017754023,
	    100770.26281757552,
	    97906.26770247462,
	    94969.05036763237,
	    102755.65338421217,
	    100674.46087115537
	],
	[
	    75010.81166049937,
	    98016.46032290068,
	    96238.58343715088,
	    93947.8219750187,
	    99407.76881869754,
	    102815.92714465865
	],
	[
	    76080.08517321217,
	    102124.28900534607,
	    99720.79633346974,
	    93187.86221673967,
	    101811.38069733007,
	    98940.28063496553
        ]
    ]
}
