{
    "tile_size": 1,
    "data": [
        [
            762.9981612556497
        ],
        [
            830.7676465627941
        ],
        [
            800.9079243412419
        ],
        [
            806.5959572461269
        ],
        [
            803.1611493676395
        ],
        [
            646.7573945892264
        ],
        [
            829.1244921383667
        ],
        [
            779.3906668513802
        ],
        [
            803.9608792719675
        ],
        [
            834.1067910756472
        ],
        [
            786.3466330115704
        ],
        [
            808.2244142593588
        ],
        [
            838.3154302946851
        ],
        [
            823.6314563900543
        ],
        [
            850.5232960368021
        ],
        [
            770.0426460968492
        ]
    ]
}