{
    "tile_size": 1,
    "data": [
        [
            880.9157181027645
        ],
        [
            830.6207360074101
        ],
        [
            825.8699028820786
        ],
        [
            829.263012898725
        ],
        [
            854.476783106503
        ],
        [
            871.0977749869103
        ],
        [
            875.5831642332548
        ],
        [
            804.1093755077617
        ],
        [
            873.890498547082
        ],
        [
            857.8938249646191
        ],
        [
            843.5127881837035
        ],
        [
            837.063561100594
        ],
        [
            853.7988031603345
        ],
        [
            863.2728890325693
        ],
        [
            885.4326367572737
        ],
        [
            867.8273508144305
        ]
    ]
}