{
    "tile_size": 1,
    "data": [
        [
	    49287.71569357341,
	    58425.128607544066,
	    54782.96649619072,
	    57641.741104193665,
	    57271.73706940648,
	    61112.410723956185
	],
	[
	    50608.927570077874,
	    58025.957621875335,
	    57652.76507143574,
	    61543.63466612473,
	    57568.95326264045,
	    60984.65418264153
	],
	[
	    50612.88306976814,
	    63069.07645907536,
	    61032.64754879175,
	    62371.82595590979,
	    60559.41583454614,
	    59057.67575086651
	],
	[
	    50355.20808839291,
	    57256.49053898727,
	    57921.554561424884,
	    61347.33072266621,
	    59782.61521459365,
	    56802.539541959566
	],
	[
	    51027.78455316445,
	    63990.16759384633,
	    56606.258219547635,
	    62171.85901966964,
	    59226.13581111449,
	    61032.44566370192
	],
	[
	    50171.99471249454,
	    58744.00235275254,
	    57987.01125601711,
	    55945.396856122,
	    58572.44789849496,
	    60916.90547666135
	],
	[
	    52598.10735154669,
	    58567.8901080257,
	    57003.96215819305,
	    59994.283939978835,
	    61614.41572084021,
	    60378.15678532712
	],
	[
	    51328.246863040666,
	    60226.07825525644,
	    59287.9124275705,
	    59934.58342932963,
	    59113.00191332949,
	    57385.48728884546
	],
	[
	    49675.69313282606,
	    57113.16710738115,
	    59194.757915129354,
	    60118.76112299576,
	    62617.00438553849,
	    62186.042788967745
	],
	[
	    51038.352212317615,
	    57607.726220487144,
	    56061.34410923796,
	    57495.30826630955,
	    55012.343932065,
	    56989.92002388192
	],
	[
	    50945.22430048268,
	    59629.33972558315,
	    57896.20747164274,
	    58757.83341818363,
	    59060.17236084578,
	    60171.51282466525
	],
	[
	    50696.433493022225,
	    61521.316152523206,
	    58073.11239020716,
	    61387.650963976834,
	    55089.81557798645,
	    56084.591160633754
	],
	[
	    52302.035445075104,
	    60041.48726809592,
	    60949.878564815794,
	    58142.459899584406,
	    58062.1915049186,
	    60447.881253151456
	],
	[
	    50958.244958416035,
	    58946.040595888764,
	    54560.482573427544,
	    59719.26688221365,
	    59475.45947120539,
	    56212.81529278207
	],
	[
	    53683.25549442766,
	    59023.382070770276,
	    62849.23348219253,
	    60735.48695226051,
	    59756.268537271935,
	    63009.50100037689
	],
	[
	    52224.20034487283,
	    59010.845527258054,
	    57336.905505493894,
	    57566.00485011747,
	    59556.281868151076,
	    60006.51595617887
        ]
    ]
}
