{
    "tile_size": 1,
    "data": [
        [
            13.292447209358215,
            3.913093626499176,
            3.5253235697746277,
            3.473246614138285,
            2.9037841161092124,
            2.5308687488238015,
            2.362297475337982,
            2.258285343647003,
            2.1821869214375815,
            2.117010752360026
        ],
        [
            14.235533436139425,
            4.076823949813843,
            3.500546375910441,
            3.2243107557296753,
            2.801605463027954,
            2.4923683206240335,
            2.363741914431254,
            2.244321624437968,
            2.1734973788261414,
            2.125527342160543
        ],
        [
            13.189487059911093,
            4.136352141698201,
            3.6097405751546225,
            3.3124881585439048,
            2.9138931234677634,
            2.5551420052846274,
            2.4025392532348633,
            2.298134704430898,
            2.216220438480377,
            2.1558433771133423
        ],
        [
            13.331447919209799,
            4.034943441549937,
            3.5317683617273965,
            3.2865540981292725,
            2.785113275051117,
            2.5042241414388022,
            2.366822818915049,
            2.263215700785319,
            2.1825341979662576,
            2.113857706387838
        ],
        [
            12.849936922391256,
            4.008275508880615,
            3.5343446135520935,
            3.267910341421763,
            2.8512483636538186,
            2.5528677503267923,
            2.3826890190442405,
            2.3066879510879517,
            2.2362310687700906,
            2.1414827505747476
        ],
        [
            12.926016092300415,
            4.204897999763489,
            3.543929855028788,
            3.270822823047638,
            2.9579015175501504,
            2.5939391255378723,
            2.4383766055107117,
            2.310719052950541,
            2.1978379289309182,
            2.12021142244339
        ],
        [
            13.097846587498983,
            3.930467506249746,
            3.5384378830591836,
            3.297911584377289,
            2.880697548389435,
            2.5512336095174155,
            2.570779303709666,
            2.2926859259605408,
            2.2184773286183677,
            2.262718756993612
        ],
        [
            13.035074154535929,
            3.805384953816732,
            3.498132904370626,
            3.2481490770975747,
            2.8042287031809487,
            2.437891900539398,
            2.2515623768170676,
            2.1386794646581015,
            2.10490745306015,
            2.08143158753713
        ],
        [
            13.408441623051962,
            4.098729809125264,
            3.517785350481669,
            3.284371634324392,
            2.777115066846212,
            2.399286369482676,
            2.326401710510254,
            2.2120582461357117,
            2.13079704840978,
            2.062495470046997
        ],
        [
            13.011002540588379,
            4.098948736985524,
            3.5860336422920227,
            3.3414722084999084,
            3.009107232093811,
            2.556615889072418,
            2.4157241384188333,
            2.3067195415496826,
            2.2097493608792624,
            2.1509231328964233
        ],
        [
            13.128781795501709,
            4.070351680119832,
            3.460367759068807,
            3.1573469042778015,
            2.6951891581217446,
            2.413027842839559,
            2.254494607448578,
            2.1443438132603965,
            2.086606800556183,
            2.0576003193855286
        ],
        [
            13.221367835998535,
            3.9608182509740195,
            3.363711357116699,
            2.9499401450157166,
            2.547877629597982,
            2.3741366068522134,
            2.337391972541809,
            2.3894962469736734,
            2.2925287882486978,
            2.1460264523824057
        ],
        [
            13.462170958518982,
            4.147659420967102,
            3.6157065828641257,
            3.350167910257975,
            2.924187441666921,
            2.6665141185124717,
            2.5088535149892173,
            2.376456598440806,
            2.2902719974517822,
            2.2216497659683228
        ],
        [
            12.68530543645223,
            4.082926670710246,
            3.5111210544904075,
            3.2922958731651306,
            2.9756646951039634,
            2.647488256295522,
            2.456647217273712,
            2.2900543808937073,
            2.187374989191691,
            2.104055960973104
        ],
        [
            13.242122769355774,
            4.220284561316173,
            3.6084362665812173,
            3.3270896275838218,
            3.029007136821747,
            2.6012272437413535,
            2.4005200465520224,
            2.29747611284256,
            2.2129611571629844,
            2.152020494143168
        ],
        [
            12.810123761494955,
            3.9665910800298056,
            3.5600097378094993,
            3.23303230603536,
            2.8176883459091187,
            2.538914918899536,
            2.360254426797231,
            2.264954686164856,
            2.1933531562487283,
            2.1342804431915283
        ]
    ]
}