{
    "tile_size": 1,
    "data": [
	[
	    49102.72256601014,
	    58559.17014569148,
	    54348.89766334571,
	    56533.00898864821,
	    53101.584873560096,
	    58298.89174944829
	],
	[
	    48096.53544552601,
	    57302.33102869534,
	    56104.32777848077,
	    56680.58046773669,
	    52481.797202559275,
	    53316.82001168985
	],
	[
	    50283.70524547904,
	    56643.82689139488,
	    52489.08639933719,
	    53393.79091295812,
	    51376.200535920616,
	    52142.893041810785
	],
	[
	    48078.47571385683,
	    54629.74415556751,
	    57345.240546954854,
	    56768.97735029073,
	    52203.49987416897,
	    54020.78716371554
	],
	[
	    47729.75700285962,
	    52952.943711492386,
	    51680.94971991216,
	    53876.077301109675,
	    50891.842695283,
	    54133.90711190689
	],
	[
	    49332.13943047871,
	    53231.87992500977,
	    53312.574853004364,
	    55939.08401818751,
	    51801.615172431084,
	    53392.52108995706
	],
	[
	    49166.67237689259,
	    54253.0019757628,
	    54196.29376003169,
	    55800.7979587471,
	    52318.43673449444,
	    55932.00417431795
	],
	[
	    48022.724728264024,
	    52776.135322323906,
	    53022.68323410348,
	    53857.85394261678,
	    50895.33780675916,
	    50495.29451977939
	],
	[
	    46991.69125649203,
	    54904.51532084157,
	    53947.87685336222,
	    56223.98539185123,
	    53747.412612105,
	    51990.445408656924
	],
	[
	    48978.71463630729,
	    54958.623398036376,
	    54546.36147632381,
	    56293.63155247384,
	    50717.620385270544,
	    53391.81013770195
	],
	[
	    49553.56582871362,
	    57582.39965458339,
	    55450.20629912601,
	    53590.132714080064,
	    53896.07358234414,
	    53468.729108325344
	],
	[
	    49442.47891242255,
	    58628.77066193814,
	    57669.74786408475,
	    55667.44624673223,
	    51504.58801922319,
	    54213.27107436435
	],
	[
	    47718.63783312016,
	    59212.64177411381,
	    55286.56179261228,
	    53316.797259922954,
	    53130.89603675905,
	    53452.618379495776
	],
	[
	    48693.27417553633,
	    57769.52771327912,
	    57871.48474514109,
	    57388.8798251004,
	    48751.624191700255,
	    53026.33462963518
	],
	[
	    49404.716727032974,
	    54683.939145688455,
	    54004.0339849166,
	    52863.10686888155,
	    53586.33882369243,
	    53989.33394078704
	],
	[
	    47508.896007998854,
	    53259.76347936752,
	    52238.39909605539,
	    51818.67570066208,
	    51548.4637970732,
	    53316.37188325619
	]
    ]
}
