{
    "tile_size": 1,
    "data": [
	[
	    14825.929300196158,
	    16351.131614604403,
	    14936.582405579667,
	    14978.701339051346,
	    15271.560481398286,
	    14713.921989642573
	],
	[
	    16210.678895268598,
	    16209.829166043603,
	    16195.668861144972,
	    16008.108163939321,
	    15562.317971959425,
	    14830.674131773942
	],
	[
	    15194.02741451493,
	    16297.21762780528,
	    14680.802568180237,
	    15071.919317747204,
	    15662.316662407895,
	    16225.621240291852
	],
	[
	    14613.211202085937,
	    14782.116674854506,
	    14477.69841638587,
	    15268.594022223353,
	    14677.856859127804,
	    14649.74126410635
	],
	[
	    14889.485751144384,
	    15951.438642335133,
	    15226.125511045293,
	    16474.00766901855,
	    16317.808209951369,
	    15036.349600862495
	],
	[
	    14892.231533673512,
	    15267.161500980998,
	    15209.569367927717,
	    15439.470813360831,
	    15788.280110524584,
	    14947.130402249233
	],
	[
	    15846.801133718245,
	    16380.65235511149,
	    15439.363492986886,
	    16020.626875690332,
	    16217.819199800497,
	    16553.351544391357
	],
	[
	    14470.347477278627,
	    14674.727147366508,
	    14714.79889873469,
	    14702.188022521668,
	    15217.490352136083,
	    14874.338889787103
	],
	[
	    16397.07387958685,
	    15424.887223616977,
	    15381.162727707073,
	    14923.766302059848,
	    14749.021493001828,
	    15147.655102824307
	],
	[
	    15662.853485124144,
	    14820.146068326501,
	    15201.641268931407,
	    15364.111519052405,
	    15125.536318292492,
	    15948.248931573158
	],
	[
	    15255.506359852705,
	    15263.916888332364,
	    15419.691951334513,
	    16054.206054256976,
	    15274.01417825421,
	    15983.441589082677
	],
	[
	    14576.57777882189,
	    15014.637150157248,
	    14636.294201373727,
	    14862.697413140924,
	    15540.104576891856,
	    14761.818869583078
	],
	[
	    15633.03665647912,
	    16417.316204327315,
	    15730.707453316756,
	    16349.85864491768,
	    16099.419533212704,
	    15383.297181586522
	],
	[
	    15256.457665120455,
	    15875.877187757336,
	    15847.480970572993,
	    15824.172516059714,
	    14998.8517972516,
	    14532.096210722608
	],
	[
	    15803.792137188617,
	    15125.937308556166,
	    15833.051384565993,
	    15063.391516482225,
	    16459.704490957833,
	    15106.467560004021
	],
	[
	    14850.359132228636,
	    14894.604624895203,
	    15302.03455695035,
	    16741.448772974833,
	    16801.96429220383,
	    16310.856247549289
	]
    ]
}
