{
    "tile_size": 1,
    "data": [
        [
            907.6201938570366
        ],
        [
            1071.2229773394643
        ],
        [
            903.5866623981764
        ],
        [
            1048.7060733492872
        ],
        [
            912.2504949454341
        ],
        [
            1084.6375620179456
        ],
        [
            945.720732647085
        ],
        [
            1104.9718164823003
        ],
        [
            1080.0600980794527
        ],
        [
            1085.9457872797316
        ],
        [
            1129.8904030663577
        ],
        [
            1083.9132849636026
        ],
        [
            1118.6738441761136
        ],
        [
            1093.7386273633542
        ],
        [
            1147.5744862124018
        ],
        [
            1178.9651756651504
        ]
    ]
}