{
    "tile_size": 1,
    "data": [
        [
            8.626638740301132,
            3.3570179541905723,
            2.6669497390588126,
            2.2871276239554086,
            2.077462077140808,
            1.9599078993002574,
            1.8385696510473888,
            1.7464892665545146,
            1.6677704801162083,
            1.599196419119835
        ],
        [
            8.691309382518133,
            3.669459650913874,
            3.2294982274373374,
            2.5211701691150665,
            2.2329476475715637,
            2.1913012067476907,
            2.0092140833536782,
            1.8469375322262447,
            1.744806746641795,
            1.6623173306385677
        ],
        [
            8.585568646589914,
            3.3543148140112558,
            2.591870109240214,
            2.267258087793986,
            2.1394331554571786,
            2.020426109433174,
            1.9087120840946834,
            1.8056904524564743,
            1.7164155691862106,
            1.7623972445726395
        ],
        [
            8.726553440093994,
            3.645393669605255,
            3.0614631374677024,
            2.394252598285675,
            2.1860358516375222,
            2.052317718664805,
            1.9303056448698044,
            1.810138761997223,
            1.707448164621989,
            1.6277690927187602
        ],
        [
            8.78451257944107,
            3.5579394598801932,
            3.037375013033549,
            2.3958114186922708,
            2.201671908299128,
            2.0503584841887155,
            1.905695656935374,
            1.826921080549558,
            1.7040305435657501,
            1.6309013764063518
        ],
        [
            8.542471587657928,
            3.4767049650351205,
            2.5577772855758667,
            2.267408420642217,
            2.1223676999409995,
            2.015654365221659,
            1.89944426715374,
            1.8352302263180416,
            1.7198906391859055,
            1.6231761227051418
        ],
        [
            8.55877192815145,
            3.2604720095793405,
            2.561312427123388,
            2.2789094547430673,
            2.1256234447161355,
            2.0029776841402054,
            1.8656467745701473,
            1.7790522823731105,
            1.6837934702634811,
            1.5933969070514042
        ],
        [
            8.786570717891058,
            3.684412111838659,
            3.2177375654379525,
            2.5033743381500244,
            2.2457347214221954,
            2.109959234793981,
            1.9796950022379558,
            1.8657820572455723,
            1.7409989883502324,
            1.659439131617546
        ],
        [
            8.746689985195795,
            3.667072723309199,
            3.197268774112066,
            2.5202637215455375,
            2.3511524200439453,
            2.1160779198010764,
            1.974390725294749,
            1.8448701202869415,
            1.7354020923376083,
            1.6482242445151012
        ],
        [
            8.547353198130926,
            3.448228339354197,
            2.902945508559545,
            2.368132253487905,
            2.120708247025808,
            2.026760150988897,
            1.8761884917815526,
            1.7849945624669392,
            1.6789197226365407,
            1.6022567053635914
        ],
        [
            8.776128689448038,
            3.5629764993985495,
            2.869672735532125,
            2.320557028055191,
            2.1480856041113534,
            2.020747567216555,
            1.9091730862855911,
            1.783641089995702,
            1.7002507398525875,
            1.6057419975598652
        ],
        [
            8.71055089433988,
            3.418709913889567,
            2.862855464220047,
            2.324973920981089,
            2.140446275472641,
            2.0475671192010245,
            1.922166074315707,
            1.7857201149066289,
            1.7003917594750722,
            1.6226666023333867
        ],
        [
            8.430886367956797,
            3.246857523918152,
            2.5296910802523294,
            2.267361710468928,
            2.121524751186371,
            1.9999425560235977,
            1.8807925085226695,
            1.8754429916540782,
            1.7415640999873478,
            1.6192128608624141
        ],
        [
            8.509899745384851,
            3.400010069211324,
            2.7529172897338867,
            2.3580126464366913,
            2.179985692103704,
            2.045500790079435,
            1.9203291287024815,
            1.8005084296067555,
            1.6896799604098003,
            1.6108467876911163
        ],
        [
            8.675256550312042,
            3.1996341943740845,
            2.511093348264694,
            2.272362877925237,
            2.074844087163607,
            1.963428204258283,
            1.8372060010830562,
            1.739201049009959,
            1.648551767071088,
            1.582794412970543
        ],
        [
            8.372068037589392,
            3.2579406201839447,
            2.5442938605944314,
            2.2672716776529946,
            2.1343806385993958,
            2.0144549111525216,
            1.8717317879199982,
            1.7920423944791157,
            1.702606812119484,
            1.6731092284123104
        ]
    ]
}