{
    "tile_size": 1,
    "data": [
        [
            48089.37529535001
        ],
        [
            46781.79940721378
        ],
        [
            46899.65078807525
        ],
        [
            46929.35978177341
        ],
        [
            46800.9293404347
        ],
        [
            47033.9358475318
        ],
        [
            47153.68706777033
        ],
        [
            46830.2015019687
        ],
        [
            46822.30555752397
        ],
        [
            46789.27559609886
        ],
        [
            46816.8988869552
        ],
        [
            47053.48034807592
        ],
        [
            46839.116776464005
        ],
        [
            47075.53961922399
        ],
        [
            47042.39681837922
        ],
        [
            46940.968964328815
        ]
    ]
}