{
    "tile_size": 1,
    "data": [
        [
            349730.23301978305
        ],
        [
            349077.9900300391
        ],
        [
            348615.69936901546
        ],
        [
            349221.06064037204
        ],
        [
            348767.2838794415
        ],
        [
            349147.01353035733
        ],
        [
            349071.9398540615
        ],
        [
            349045.742511089
        ],
        [
            349079.37939600745
        ],
        [
            348951.18477748014
        ],
        [
            348629.1812764852
        ],
        [
            348732.9492908408
        ],
        [
            350222.9892573802
        ],
        [
            348694.5776397653
        ],
        [
            350410.4667508467
        ],
        [
            350601.14492697926
        ]
    ]
}