{
    "tile_size": 1,
    "data": [
        [
            61610.87995667503
        ],
        [
            61619.1746088291
        ],
        [
            61549.83659319843
        ],
        [
            61614.334916545246
        ],
        [
            62192.6692897245
        ],
        [
            61513.32960063556
        ],
        [
            61787.65454090515
        ],
        [
            61493.892454873596
        ],
        [
            61608.47841720186
        ],
        [
            63263.91811206609
        ],
        [
            61582.24034063958
        ],
        [
            61584.83794356926
        ],
        [
            61611.64181326309
        ],
        [
            61511.94983827136
        ],
        [
            61517.06243417951
        ],
        [
            61561.13845164125
        ]
    ]
}