{
    "tile_size": 1,
    "data": [
        [
            245026.00960143356,
            264823.62851363,
            263615.3551662839,
            262367.50135864114,
            256942.30763810014,
            260802.47149066726
        ],
        [
            239299.37464863627,
            258080.45873110017,
            262927.102706028,
            263772.5107765645,
            265574.242319448,
            263894.9225714053
        ],
        [
            245398.98698612963,
            265602.2724229023,
            266060.2653841284,
            262675.33405807667,
            265614.7157951304,
            263776.15911137353
        ],
        [
            243901.51859577495,
            270182.37357881584,
            266832.14897297276,
            264153.3508618255,
            269318.9601956056,
            270245.378991547
        ],
        [
            240442.8588021051,
            268183.6768335298,
            266356.951275259,
            254634.48052863427,
            259422.86644956341,
            260294.71219647396
        ],
        [
            245226.59736927963,
            263254.7495422477,
            266803.65559111704,
            266273.53162825824,
            259514.17296255674,
            266194.51754052984
        ],
        [
            241438.87658548597,
            261934.69329809808,
            264349.66778403905,
            263588.45287651144,
            263413.95373371127,
            263679.6743520458
        ],
        [
            250309.16106023782,
            267612.62149406254,
            260296.07987150943,
            266785.7111378104,
            260111.3239915142,
            263669.21924421436
        ],
        [
            244146.1911820479,
            256621.6789685653,
            263721.0837361598,
            266176.9505175121,
            262809.0488813372,
            265886.0221491723
        ],
        [
            248168.739164191,
            264255.3264335363,
            265035.3679098864,
            269360.9720456075,
            268999.80914358044,
            271299.0742833155
        ],
        [
            248480.2983651347,
            261552.13286616368,
            257042.9386403577,
            260144.97551549313,
            261509.44917550683,
            263188.92034266377
        ],
        [
            245473.14695987548,
            255237.99877745248,
            258012.9694831363,
            256730.427993033,
            260971.7137365777,
            260622.9336222931
        ],
        [
            249711.47666795543,
            268039.3043561168,
            260708.08487058352,
            267588.07457561983,
            263969.4309688178,
            269053.6709560275
        ],
        [
            247171.61174160178,
            269571.3084850539,
            267964.46252041665,
            269448.6472833785,
            267550.6689599127,
            265204.3367435466
        ],
        [
            248194.66059027877,
            270677.0752464214,
            268073.35414415714,
            269185.19360961,
            268624.06711901294,
            262460.1585153548
        ],
        [
            245659.8124149027,
            267731.3180604445,
            264668.80411183997,
            261552.9932446946,
            262709.1626352896,
            268174.55783287546
        ]
    ]
}