{
    "tile_size": 1,
    "data": [
        [
            165801.1091535288
        ],
        [
            165508.12012023228
        ],
        [
            165537.24118387332
        ],
        [
            166257.30262247162
        ],
        [
            165328.7141312387
        ],
        [
            165629.10060404855
        ],
        [
            165483.9353439792
        ],
        [
            165962.39609878705
        ],
        [
            165331.0267035973
        ],
        [
            165441.66372845252
        ],
        [
            165278.4004263179
        ],
        [
            165600.78157096743
        ],
        [
            165728.761379427
        ],
        [
            165223.5966581062
        ],
        [
            165545.76261123762
        ],
        [
            165458.93938786603
        ]
    ]
}