{
    "tile_size": 1,
    "data": [
        [
            264549.1324217029,
            272366.9278623537,
            268644.37951153173,
            271975.3082386748,
            268870.3988586564,
            274728.60594483843
        ],
        [
            270183.84213376924,
            274241.8043305553,
            272591.4284735556,
            277285.1627046655,
            268560.7107674287,
            280705.13988225936
        ],
        [
            263444.417248999,
            272041.94266369013,
            269148.23935682786,
            268051.70845207426,
            268540.85550416296,
            274177.3598747442
        ],
        [
            264512.2737078984,
            276893.3362309418,
            267668.5328329235,
            268223.3493051115,
            270851.51242180093,
            276908.9679811509
        ],
        [
            262898.7749779931,
            273018.576496541,
            269077.9347190172,
            274512.2501673331,
            272338.24577461445,
            274265.5888283911
        ],
        [
            263686.023004744,
            267777.7303353751,
            266021.75213822734,
            282895.06800388865,
            274447.6076691144,
            269525.10902116384
        ],
        [
            259232.48414565425,
            273211.94716915354,
            273831.32140514674,
            274291.9434776061,
            274136.45861991507,
            274227.5675906458
        ],
        [
            259447.02536073272,
            270228.0896462734,
            270035.6003695931,
            267395.90241203166,
            274531.1208254362,
            276347.7903467314
        ],
        [
            269677.4216628137,
            274473.12577058264,
            273890.3483981023,
            276669.7454894234,
            272639.2862035456,
            275352.7217391026
        ],
        [
            267403.0734931727,
            279586.69180494716,
            272164.5889375454,
            279360.1299664522,
            280105.1182345763,
            280698.66417716845
        ],
        [
            263346.6442106437,
            276818.49496580585,
            274104.5504347353,
            282052.9384359418,
            270231.840291864,
            280832.3567498021
        ],
        [
            270293.6783017225,
            274960.80472123984,
            274684.9635238077,
            273448.7507772469,
            275899.8493839734,
            282210.3641083354
        ],
        [
            259861.11247265324,
            275792.0228777314,
            276528.0024746571,
            266468.71278541617,
            271968.94013610727,
            274429.7190993844
        ],
        [
            265005.31928152195,
            275190.706577997,
            265243.0788407234,
            273684.63646413106,
            276595.9172779871,
            278130.9594235814
        ],
        [
            265670.09540830017,
            271621.64321894536,
            263966.512464242,
            278356.4651979592,
            262622.86273077654,
            274108.06303982774
        ],
        [
            265303.855628696,
            276819.9311023325,
            272307.48852705816,
            265832.3148307407,
            269604.1200084187,
            266202.2413445727
        ]
    ]
}