{
    "tile_size": 1,
    "data": [
        [
            119844.15906544973,
            124447.09859360091,
            124656.05406881869,
            124080.32860485037,
            122836.5059354705,
            124519.83950784754
        ],
        [
            122095.63091331042,
            125564.422073309,
            122196.72244489501,
            125755.8405708614,
            125640.54222749737,
            124494.30893177178
        ],
        [
            123477.68332254376,
            121922.30480291788,
            126785.08668104389,
            122629.06225737256,
            121524.26969450199,
            124155.767275412
        ],
        [
            117666.52750981876,
            128013.10007685972,
            125451.5101729032,
            123823.92905893829,
            128018.52339138884,
            126562.30888943415
        ],
        [
            121549.37856394346,
            122699.07164047888,
            124133.65218612902,
            126205.58579553351,
            125253.60196271457,
            124975.70327438884
        ],
        [
            122641.29190522716,
            127080.52954566204,
            124238.94337358959,
            126593.11812350541,
            124549.77360258561,
            123423.48008183352
        ],
        [
            123036.60648681443,
            126031.33172238123,
            125824.22413412761,
            122823.75713556542,
            120652.50885629204,
            120134.37124613472
        ],
        [
            119671.67098638837,
            124729.75830354456,
            123500.3949041411,
            124030.36110461467,
            121688.79043006588,
            122295.69178087715
        ],
        [
            122788.51768159546,
            123622.24669351094,
            121361.94303992954,
            124235.0081038101,
            125912.73118669375,
            122660.91106631487
        ],
        [
            122304.03695648871,
            125039.3999590211,
            125807.76573010255,
            123788.37469590832,
            126128.2496912054,
            126048.57551728442
        ],
        [
            124219.43547271113,
            125832.17855833191,
            124087.63795917832,
            122780.08451599508,
            127310.64971463812,
            127053.71139782686
        ],
        [
            119628.21416228492,
            122889.26563384433,
            124250.12957238883,
            127328.44818261344,
            123282.40563973229,
            127179.30087623466
        ],
        [
            122954.8150786698,
            126647.04831992563,
            126343.87742998358,
            127594.48119692218,
            124988.0512002021,
            125543.05979681808
        ],
        [
            120644.72814337414,
            125354.53716992964,
            120610.8581103773,
            123198.76080067824,
            123996.7445838499,
            122996.0015319619
        ],
        [
            121722.13125310041,
            122115.91472462572,
            125993.71802361254,
            127192.08998531703,
            122807.65600194126,
            125597.88395210724
        ],
        [
            122532.06506274245,
            123757.17247153397,
            122465.74741701226,
            123954.35682264235,
            126346.00118706793,
            124416.85737022053
        ]
    ]
}