{
    "tile_size": 1,
    "data": [
        [
            -3.299918132259821,
            -4.136599969863892,
            -4.404179824315585,
            -4.5619138833804005,
            -4.6596916333223,
            -4.732782717240163,
            -4.8119806081820755,
            -4.8452454102345,
            -4.882561371876643,
            -4.876051089091178
        ],
        [
            -3.031804050096812,
            -4.027595174006927,
            -4.328335329202505,
            -4.485677748460036,
            -4.57912613428556,
            -4.672209409567026,
            -4.72264392559345,
            -4.796290513796684,
            -4.840528799937322,
            -4.926182463230231
        ],
        [
            -3.2158779201199277,
            -4.0877101415242905,
            -4.334875490726569,
            -4.514863473941118,
            -4.570350387157538,
            -4.684916168604142,
            -4.743738859127729,
            -4.800972830943572,
            -4.85591654532995,
            -4.878597967441266
        ],
        [
            -2.687602352621989,
            -3.5816309140278744,
            -4.1571950129973585,
            -4.362161997648386,
            -4.512359199768458,
            -4.628369786800483,
            -4.732476381155161,
            -4.808010146556756,
            -4.869751810416197,
            -4.936436836536114
        ],
        [
            -3.10295534885775,
            -4.076219945687514,
            -4.354861953930977,
            -4.517112756386782,
            -4.6043089157495745,
            -4.7105900605519615,
            -4.780888799520639,
            -4.824747591752272,
            -4.874769635078234,
            -4.915659443537394
        ],
        [
            -2.906337236178418,
            -3.92306990868006,
            -4.275017724281702,
            -4.438684439047789,
            -4.540052506251213,
            -4.6365291528212715,
            -4.729067674049964,
            -4.800689452733749,
            -4.844942846053686,
            -4.851828775650415
        ],
        [
            -3.0296218758162397,
            -3.893882082670163,
            -4.231667146315941,
            -4.379958113034566,
            -4.5209680936275385,
            -4.624319455562493,
            -4.687321683688041,
            -4.739351171102279,
            -4.7989987703470085,
            -4.827692410884759
        ],
        [
            -3.1729815138336748,
            -4.1309772577041235,
            -4.399020521457379,
            -4.564913859122838,
            -4.717451292429215,
            -4.771300581174019,
            -4.829583545831533,
            -4.907931385284815,
            -4.943096553362333,
            -4.970075859167637
        ],
        [
            -3.14894723086797,
            -4.142489086053311,
            -4.424560276667277,
            -4.608372333722237,
            -4.717006309215839,
            -4.815949647854536,
            -4.8927807648976644,
            -4.950444464805798,
            -4.977267925555889,
            -5.027079739937416
        ],
        [
            -3.211904592345206,
            -4.1434392831264395,
            -4.376140340169271,
            -4.5185584814120565,
            -4.641965441826063,
            -4.706718996243599,
            -4.744917368277525,
            -4.820954507436507,
            -4.861432263790033,
            -4.894652737103976
        ],
        [
            -2.8674194315018564,
            -3.809295736826383,
            -4.224266436772469,
            -4.428625035897279,
            -4.516962022659106,
            -4.624916890951304,
            -4.711711969131079,
            -4.7287766615549724,
            -4.799104695442395,
            -4.848901968735915
        ],
        [
            -2.8008859819231127,
            -3.885734174190423,
            -4.297407182669028,
            -4.438897469104865,
            -4.553217007563664,
            -4.652968299083221,
            -4.74029477926401,
            -4.714760881815201,
            -4.842857747200208,
            -4.840677478985909
        ],
        [
            -3.1902144893412836,
            -4.101157082044161,
            -4.402200506895016,
            -4.585664728360299,
            -4.683938527718569,
            -4.748631160687178,
            -4.80572923880357,
            -4.899794820638803,
            -4.9278242967067625,
            -4.9428201883267135
        ],
        [
            -2.8958769843519594,
            -3.836875411791679,
            -4.195535632280203,
            -4.3983470470477375,
            -4.536218154124724,
            -4.654969609089386,
            -4.695652037400466,
            -4.774171748528114,
            -4.810180304600642,
            -4.8478673225794084
        ],
        [
            -3.057284921253673,
            -3.8544566900302204,
            -4.202448874864823,
            -4.489042311448317,
            -4.5375905324251224,
            -4.686988509006989,
            -4.785676720203497,
            -4.873388663316384,
            -4.902918447592319,
            -4.968821147771982
        ],
        [
            -2.7336327269249474,
            -3.630420487354963,
            -3.8124565142851607,
            -4.301923413154406,
            -4.389971182285211,
            -4.479050754889464,
            -4.630345980326335,
            -4.706660375839625,
            -4.779722831188104,
            -4.829673567796365
        ]
    ]
}