{
    "tile_size": 1,
    "data": [
        [
            36248.089496743785,
            35784.32806146637,
            36113.917982906154,
            36230.02331604588,
            36708.513558803126,
            36763.205311332465
        ],
        [
            35935.246232630794,
            36378.43276660117,
            36366.565535935784,
            36431.626605900055,
            36383.63655069628,
            36361.708831184
        ],
        [
            36944.10450229033,
            37022.65574637367,
            37006.407129092586,
            36859.270515720746,
            37011.58001275393,
            36806.906410377844
        ],
        [
            36406.98333182658,
            36405.92585024794,
            36659.03291472673,
            36484.12489368289,
            36817.95537953054,
            36434.937084173966
        ],
        [
            35996.867179182045,
            36157.10151252778,
            35696.95945944659,
            36230.02666570377,
            36030.97176150061,
            36150.27110180895
        ],
        [
            36749.52635907529,
            37158.35807930462,
            37023.82520967532,
            36990.3625505869,
            36849.87909764057,
            36824.21475280003
        ],
        [
            35608.28158450293,
            36180.647593675014,
            36203.9396287392,
            36651.53259530284,
            36504.1402459155,
            36538.55300711095
        ],
        [
            36616.43436861175,
            37131.010867809724,
            36768.38329649636,
            36815.25025032442,
            37092.399181800276,
            36996.49073685219
        ],
        [
            36802.03620726331,
            36859.81925914984,
            36941.569563713405,
            36636.490090610445,
            36718.39151528167,
            36944.36706431626
        ],
        [
            36919.0809947065,
            36942.62856743553,
            37257.52113666736,
            37116.9883927023,
            36940.02674091456,
            37215.95847115582
        ],
        [
            36507.64869723893,
            36985.4451395318,
            36842.05461082274,
            36908.99483547733,
            36989.42553290444,
            36783.78194619873
        ],
        [
            36059.23808044566,
            36738.74801812102,
            36519.30725762645,
            36599.23263417472,
            36839.60535939241,
            36781.41419351853
        ],
        [
            35542.70716324475,
            36789.27069698535,
            36615.82079079496,
            35873.776317819495,
            36652.542961871164,
            35686.53433423006
        ],
        [
            36603.44692369819,
            36826.80958027552,
            37215.555136290684,
            36925.77210084178,
            37104.81012825824,
            36944.79329478089
        ],
        [
            36590.93757419895,
            36516.361301111145,
            36514.48145248583,
            36763.80675176385,
            36641.33843752773,
            36652.32691099995
        ],
        [
            36533.77512539279,
            36786.94316182812,
            36625.467034860056,
            37196.31676439156,
            36856.357043484844,
            36843.32363996528
        ]
    ]
}