{
    "tile_size": 1,
    "data": [
        [
            488544.0805453576,
            610169.9872097695,
            577669.8032322199,
            600087.5757248433,
            576291.3031378598,
            587750.0195574415
        ],
        [
            486493.3086195613,
            617180.412823759,
            599506.0703552227,
            593508.6591177529,
            604371.0779907083,
            593874.1010302211
        ],
        [
            508801.8567204201,
            648997.2782194164,
            601331.0705482768,
            585369.2906987846,
            598213.3953633069,
            583476.5902662767
        ],
        [
            489426.0291962344,
            640669.6113147876,
            582063.1373888621,
            575338.6552316161,
            578792.8198581479,
            577564.137805287
        ],
        [
            479060.3509672984,
            636515.9046241433,
            583782.0278318438,
            585141.6572380838,
            604138.3709382105,
            565799.1990297426
        ],
        [
            506223.64524551283,
            649589.5271856068,
            595518.6387708315,
            597483.4087619301,
            590387.0517281165,
            575742.110574422
        ],
        [
            495401.0488173106,
            643937.157987672,
            568774.7587675197,
            584385.6355586756,
            577319.1158433348,
            562090.557677617
        ],
        [
            487403.9739661538,
            623039.9773017389,
            591561.9793708004,
            585087.4487115726,
            600284.6671587239,
            592824.7969693664
        ],
        [
            492206.56432597165,
            632576.391958058,
            583140.692099143,
            573374.3184385981,
            563356.9744917648,
            587905.6103662988
        ],
        [
            474615.49709221255,
            609830.3106511112,
            587454.035177566,
            591623.0019174783,
            597224.0015988083,
            589738.1665736616
        ],
        [
            492143.20694098156,
            654444.1529156489,
            578211.6353993722,
            583077.5578288581,
            596719.7515612239,
            597043.0301098503
        ],
        [
            494710.495600871,
            640553.5324256421,
            577641.0356889647,
            579936.2796444065,
            577429.196668552,
            563623.9378489269
        ],
        [
            485703.178234361,
            638676.0549367757,
            598097.3714911619,
            594822.4667532569,
            587558.4445924328,
            590953.9749475108
        ],
        [
            507452.5744241756,
            651809.9217728935,
            568379.8738561162,
            589472.2509637561,
            597431.7086109556,
            588911.4331434483
        ],
        [
            504902.1906162535,
            613706.4916958595,
            595007.8867194091,
            588454.7301383497,
            595040.6126120549,
            595416.7240659326
        ],
        [
            489266.3276846682,
            619014.5711707938,
            590444.0877420094,
            590539.30052525,
            600475.300368047,
            589477.2153496938
        ]
    ]
}