{
    "tile_size": 1,
    "data": [
        [
            81750.02480685721,
            82054.49682811319,
            83313.56266300897,
            82331.7637294019,
            82690.00337706998,
            81840.13562940212
        ],
        [
            82425.03944920463,
            82146.087568774,
            82354.10973873604,
            81870.90291452974,
            82337.70817904576,
            82472.30859575608
        ],
        [
            78094.89157072746,
            79637.24538111126,
            81301.43403495835,
            81095.34571580015,
            81383.51610961961,
            81913.65506042543
        ],
        [
            78361.24907960396,
            80835.60523847434,
            78610.46697531022,
            78361.15800551724,
            80008.04914161406,
            78112.41504733235
        ],
        [
            80707.29215964128,
            81057.92226460148,
            81282.63395554056,
            81136.351007171,
            81033.56307327571,
            81077.48031225402
        ],
        [
            78625.47032450889,
            78537.26597678418,
            79501.73337292406,
            79184.32269643516,
            81135.94735536008,
            80582.00790386535
        ],
        [
            80914.96924724299,
            81550.092432775,
            82265.7170954252,
            81608.1446939866,
            82130.24585369628,
            82532.6451819814
        ],
        [
            78862.6358019979,
            80254.38463055974,
            81412.64689555333,
            80583.27394428597,
            80664.7109019569,
            81039.3836921985
        ],
        [
            81711.8610283631,
            81640.02554410823,
            82990.88341037552,
            82100.59163631797,
            82517.74704627319,
            82739.34727580717
        ],
        [
            82068.11618240761,
            82357.32555310232,
            82164.82696766446,
            82042.74065969951,
            82187.12316278157,
            82600.59852441872
        ],
        [
            81472.7241866756,
            80501.39019822843,
            81454.82584344641,
            80765.68520085978,
            81128.85423963943,
            81458.22575922452
        ],
        [
            81237.78239253275,
            81390.7375348775,
            81874.85683827693,
            82295.3534725299,
            81641.1129590141,
            81551.82816266625
        ],
        [
            82011.19073048948,
            82265.63409775258,
            81966.60748706142,
            81796.09906274782,
            82913.45091356493,
            82122.22293604157
        ],
        [
            80998.7159826814,
            81130.1569574093,
            81708.68387221034,
            82123.24013263982,
            81706.61675246435,
            81610.59761752284
        ],
        [
            77473.21008109985,
            78360.57764882401,
            80727.3212357332,
            80291.37613353897,
            80404.47495570294,
            80639.40485734129
        ],
        [
            81457.53148616377,
            82124.56725401166,
            82317.87252583842,
            81834.4703284327,
            81648.42623980435,
            81750.73861518456
        ]
    ]
}