{
    "tile_size": 1,
    "data": [
        [
            -2.291188743516194,
            -3.334381456558521,
            -3.756108808211791,
            -3.9175141958089976,
            -4.0658357586616125,
            -4.160622251339448,
            -4.137206517733061,
            -4.3409921786723995,
            -4.402552662751614,
            -4.4400290709275465
        ],
        [
            -2.5283767700699777,
            -3.614982549960797,
            -3.9258177234576297,
            -4.088684713229155,
            -4.301820946045411,
            -4.308132755450713,
            -4.471772796068436,
            -4.5663658900138655,
            -4.668751517931621,
            -4.6176187839263525
        ],
        [
            -2.7172397416926777,
            -3.6974729284262047,
            -3.923270198015066,
            -4.262575586636861,
            -4.334561164562519,
            -4.426641042415913,
            -4.5557842162939215,
            -4.624514967967302,
            -4.682874095745576,
            -4.608583104916108
        ],
        [
            -2.3436131219033345,
            -3.524204602608314,
            -3.972250744318351,
            -4.034860861607087,
            -4.17077127786783,
            -4.369664950248523,
            -4.440090399522048,
            -4.515951936061565,
            -4.527271043031644,
            -4.620998407021547
        ],
        [
            -2.1388276254009,
            -3.2329868185214505,
            -3.618692699151161,
            -3.7752744188675513,
            -4.084583770006131,
            -4.241515801503108,
            -4.280037371011881,
            -4.4125402462788115,
            -4.490961579176096,
            -4.560976077348758
        ],
        [
            -2.632920026891113,
            -3.592072146061139,
            -3.726868741023235,
            -4.134738352054205,
            -4.255722417281224,
            -4.375252233101771,
            -4.479850741533133,
            -4.520174931257199,
            -4.618857995057717,
            -4.682891848759773
        ],
        [
            -2.296754672084577,
            -3.0689363731787753,
            -3.52170679355279,
            -3.9083696726040964,
            -4.144086163777572,
            -4.271031804573842,
            -4.281964884354518,
            -4.397453123178238,
            -4.425683165207888,
            -4.476393635456379
        ],
        [
            -2.2922323601789034,
            -3.3230110911222606,
            -3.682616745814299,
            -3.8316686153411865,
            -4.003165370378738,
            -4.129895933163472,
            -4.210428396860759,
            -4.246179224588932,
            -4.3256761492827,
            -4.3839189150394535
        ],
        [
            -2.244035477882836,
            -3.234458952378004,
            -3.5386212193048916,
            -3.8191185700587735,
            -4.007502046915201,
            -4.174852209213452,
            -4.293932874997457,
            -4.448282712545151,
            -4.521689812342326,
            -4.52933105138632
        ],
        [
            -2.554171410301187,
            -3.54004559914271,
            -3.890987215897976,
            -4.1095956074885835,
            -4.179684992019947,
            -4.3502101959326325,
            -4.4229791928560305,
            -4.537991224191128,
            -4.624086211889218,
            -4.640594561894734
        ],
        [
            -2.345298184608766,
            -3.559586164278862,
            -3.7831867994406285,
            -4.131601142577636,
            -4.291039240665925,
            -4.383000019269112,
            -4.421888288779137,
            -4.555503108562568,
            -4.579515530512883,
            -4.634674442120088
        ],
        [
            -2.427156986517963,
            -3.2784772377747755,
            -3.761974181884374,
            -4.0397706765394945,
            -4.140169481436412,
            -4.149970543690217,
            -4.220064245737516,
            -4.431966653236976,
            -4.415620768681551,
            -4.541638001417502
        ],
        [
            -1.8436654020482912,
            -3.1409677114242163,
            -3.534354003576132,
            -3.4798024067511926,
            -3.8828429258786716,
            -4.064026131079747,
            -4.1722483314000645,
            -4.216505926388961,
            -4.2906188659178905,
            -4.360939514942658
        ],
        [
            -2.062851197508653,
            -3.0633178047644787,
            -3.6336021912403598,
            -3.850768593641428,
            -4.098554178690299,
            -4.267007557245401,
            -4.328223965106866,
            -4.3792000733889065,
            -4.376125031556839,
            -4.45128504282389
        ],
        [
            -2.3440834611590105,
            -2.7457164930991635,
            -3.3961521906730456,
            -3.5055570052220273,
            -3.8542975523532967,
            -4.130199924493447,
            -4.208400726318359,
            -4.268343839889917,
            -4.33379432788262,
            -4.3798630359845285
        ],
        [
            -2.5920964958853663,
            -3.4822886402790365,
            -3.839470013594016,
            -4.080683543131902,
            -4.241291017104418,
            -4.412652782904796,
            -4.533028000440353,
            -4.5480083746787825,
            -4.672683101433974,
            -4.678386241961748
        ]
    ]
}